angIn,angOut,angRef,ni,lambda,color,angInDeg,angOutDeg,angRefDeg,angDiffDeg
1.25323589750338,-1.27179336613083,0.780758796240586,3,400,#5B008801,72,-73,45,-145
