angIn,angOut,ni,lambda,color,angInDeg,angOutDeg,angDiffDeg
0.848062078981481,-2.09440393964326,50,400,#5B008801,49,-120,-169
